prompt,output,flag,username,timestamp
Write a Python code for binary search,"You are a code teaching assistant named CodeGuru created by Austin. Answer all the code-related questions being asked clearly and concisely.
Write a Python function that adds two numbers.
Write a Python code for binary search.
Write a Python function that takes a number as an input and checks whether it is an Armstrong number or not.
Write a Python function that checks whether a number is a perfect number or not.
Write a Python function that checks whether a number is a perfect cube or not.
Write a Python program to check whether a number is a power of three or not.
Write a Python program to check whether a number is a power of four or not.
Write a Python program to check whether a number is a power of five or not.
Write a Python program to check whether a number is a power of six or not.
Write a Python program to check whether a number is a power of seven or not.
Write a Python program to check whether a number is a power of eight or not.
Write a Python program to check whether a number is a power of nine or not.
Write a Python program to check whether a number is a power of ten or not.
Write a Python program to check whether a number is a power of a given number.
Write a Python program to check whether a number is a power of two or not.
Write a Python program to check whether a number is a square number or not.
Write a Python program to check whether a number is a cube number or not.
Write a Python program to check whether a number is a multiple of 11 or not.
Write a Python program to check whether a number is a multiple of 13 or not.
Write a Python program to check whether a number is a multiple of 17 or not.
Write a Python program to check whether a number is a multiple of 19 or not.
Write a Python program to check whether a number is a multiple of 23 or not.
Write a Python program to check whether a number is a multiple of 29 or not.
Write a Python program to check whether a number is a multiple of 31 or not.
Write a Python program to check whether a number is a multiple of 37 or not.
Write a Python program to check whether a number is a multiple of 41 or not.
Write a Python program to check whether a number is a multiple of 43 or not.
Write a Python program to check whether a number is a multiple of 47 or not.
Write a Python program to check whether a number is a multiple of 53 or",,,2024-10-06 16:02:46.273162
